Name,Size at Posting,Created,Type,Likes,Comments,Shares,Love,Wow,Haha,Sad,Angry,Thankful,Video Share Status,Post Views,Total Views,Total Views for all Crossposts,URL,Message,Link,Final Link,Link Text,Description,Sponsor Id,Sponsor Name,Score
Desmascarando,632071,2017-11-08 16:29:47 BRST,Link,42,4,6,5,0,0,0,0,0,,0,0,0,https://www.facebook.com/desmascarandoglobo/posts/2088649014700502,"Alessandro Molon era um dos quadros mais capacitados da bancada do PT na Câmara, ajudva muito especialmente nas matérias jurídicas. É uma boa noticia para o Brasil que eles tenham se juntado ao Ciro. https://www.brasil247.com/pt/247/poder/326312/Deputados-Molon-e-Aliel-da-Rede-trocam-Marina-por-Ciro.htm",https://www.brasil247.com/pt/247/poder/326312/Deputados-Molon-e-Aliel-da-Rede-trocam-Marina-por-Ciro.htm,,"Deputados Molon e Aliel, da Rede, trocam Marina por Ciro","Deputados federais Aliel Machado, do Paraná, e Alessandro Molon, do Rio, decidiram trocar a Rede, de Marina Silva, pelo PDT, de Ciro Gomes; além de estarem de olho nas suas respectivas reeleições à Câmara, em 2018, eles se identificam ideologicamente e veem mais perspectivas de vitória na candidatur...",,,-8.771929824561404
Debate Progressista,145917,2017-11-08 15:35:34 BRST,Link,144,15,11,9,3,1,0,0,0,,0,0,0,https://www.facebook.com/dprogressista/posts/1513344005428595,,http://dlvr.it/Pzvv7V,http://www.debateprogressista.com.br/aliel-machado-e-alessandro-molon-se-filiam-ao-pdt-de-ciro-gomes/?utm_source=dlvr.it&utm_medium=facebook,Aliel Machado e Alessandro Molon se filiam ao PDT de Ciro Gomes,"Os deputados Aliel Machado, do Paraná, e Alessandro Molon, do Rio, decidiram trocar a Rede, de Marina Silva, pelo PDT,",,,4.6923076923076925
Verdade sem manipulação,657309,2017-11-08 15:06:41 BRST,Link,365,34,39,36,14,6,0,0,0,,0,0,0,https://www.facebook.com/VerdadeSemManipulacao/posts/809452569179558,Cansaram da indecisão da Marina.,http://www.debateprogressista.com.br/aliel-machado-e-alessandro-molon-se-filiam-ao-pdt-de-ciro-gomes/,,Aliel Machado e Alessandro Molon se filiam ao PDT de Ciro Gomes,"Os deputados Aliel Machado, do Paraná, e Alessandro Molon, do Rio, decidiram trocar a Rede, de Marina Silva, pelo PDT, de Ciro Gomes. Além de estarem de ol",,,1.976
Brasil 247,891020,2017-11-08 14:30:01 BRST,Link,604,82,115,31,12,60,2,0,0,,0,0,0,https://www.facebook.com/Brasil247/posts/1801403803245952,Debandada da Rede,https://www.brasil247.com/pt/247/poder/326312/Deputados-Molon-e-Aliel-da-Rede-trocam-Marina-por-Ciro.htm,,"Deputados Molon e Aliel, da Rede, trocam Marina por Ciro","Deputados federais Aliel Machado, do Paraná, e Alessandro Molon, do Rio, decidiram trocar a Rede, de Marina Silva, pelo PDT, de Ciro Gomes; além de estarem de olho nas suas respectivas reeleições à Câmara, em 2018, eles se identificam ideologicamente e veem mais perspectivas de vitória na candidatur...",,,3.418867924528302
Metal Church,140768,2017-11-08 13:06:12 BRST,Photo,30,0,1,3,0,0,0,0,0,,0,0,0,https://www.facebook.com/OfficialMetalChurch/posts/2186961958022286,Rick Van Zandt at Vagos Metal Fest (photo credit Marina Silva) #MetalChurch #tour2017 #TheShredder #JacksonGuitars,https://www.facebook.com/OfficialMetalChurch/photos/a.456583467726819.124234.197555876962914/2186960634689085/?type=3,,,,,,-3.0294117647058822
RD1,145527,2017-11-08 12:30:00 BRST,Link,16,0,0,0,0,4,0,0,0,,0,0,0,https://www.facebook.com/rd1oficial/posts/1714036588629057,Veja o que o apresentador do Caldeirão falou sobre os planos políticos,https://rd1.com.br/luciano-huck-diz-que-neste-momento-nao-e-candidato-a-nada-mas-sonda-nomes-para-possivel-ministerio/,,"Luciano Huck diz que ""neste momento"" não é candidato a nada, mas sonda nomes para possível ministério",Luciano Huck sondou Joaquim Barbosa e Geraldo Alckmin para possível ministério; apresentador estaria de olho em Marina Silva como vice.,,,-2.4
Sérgio Moro,1617537,2017-11-08 11:39:19 BRST,Link,56,36,9,0,0,0,0,10,0,,0,0,0,https://www.facebook.com/SFM.SERGIOMORO/posts/1998983850358780,"#nãoseenganem com Alckmin e Huck O quadro eleitoral, desde ontem, está mais claro. Lula será condenado pelo TRF-4. E Luciano Huck já tem um partido. Leia o comentário de Merval Pereira, em O Globo: “Se a campanha deixar de ser polarizada com a saída de Lula da disputa, Alckmin surge como uma possibilidade conciliadora juntamente com Marina Silva da Rede, retirando da candidatura de Bolsonaro a marca de antilula com que se distingue hoje. Apesar de os partidos políticos tradicionais, como o PSDB, desmoralizados diante da opinião pública, terem pouca força eleitoral neste momento. Por isso a confirmação, dada pelo presidente do PPS Roberto Freire, em entrevista ao blog O Antagonista, de que a candidatura de Luciano Huck pode se tornar realidade ganha ares de fato novo. O que faz de Huck um candidato alternativo está muito bem definido por Freire nessa entrevista: ‘Ele (Huck) surgiu diante do imponderável. Há uma certa perplexidade sobre como serão as eleições em 2018. Os partidos...",https://www.oantagonista.com/brasil/alckmin-e-huck/?utm_source=newsletter&utm_medium=email&utm_campaign=NEWS-OA-2017-11-08-MANHA&utm_content=link-7,,Alckmin e Huck - O Antagonista,"O quadro eleitoral, desde ontem, está mais claro. Lula será condenado pelo TRF-4. E Luciano Huck já tem um partido...",,,-7.72972972972973
Time Ciro Gomes,406794,2017-11-08 11:11:09 BRST,Link,2952,144,195,305,22,36,2,4,0,,0,0,0,https://www.facebook.com/TimeCiroGomes/posts/1833487566943515,E o Time de Ciro Gomes não para de crescer!,https://www.esmaelmorais.com.br/2017/11/deputados-molon-e-aliel-da-rede-trocam-marina-por-ciro/,,"Deputados Molon e Aliel, da Rede, trocam Marina por Ciro","Os deputados Aliel Machado, do Paraná, e Alessandro Molon, do Rio, decidiram trocar a Rede, de Marina Silva, pelo PDT, de Ciro Gomes. Além de estarem de olho nas suas respectivas reeleições à Câmara, em 2018, eles se identificam ideologicamente … Continue lendo →",,,4.485294117647059
MBM - Movimento Brasil Melhor,139162,2017-11-08 10:33:15 BRST,Link,7,34,11,14,23,1,0,0,0,,0,0,0,https://www.facebook.com/movimentbrasilmelhor/posts/1408592785930723,"Marina Silva fala sobre o ""Legado dos Jogos Olímpicos"" no Brasil.",https://deolhonapolitica.org/2017/11/08/o-legado-olimpico-deixou-o-brasil-cansado-da-politica-populista-diz-marina-silva/,,"O legado olímpico deixou o Brasil cansado da política populista, diz Marina Silva","A Rio 2016 foi uma grande frustação para o povo brasileiro entre um contínuo escândalo de corrupção e crescimento do populismo que ameaça piorar uma longa crise política, afirmou Marina Silva. Mari…",,,2.4324324324324325
Click Política,7532,2017-11-08 08:50:30 BRST,Link,15,19,27,0,0,4,0,9,0,,0,0,0,https://www.facebook.com/paginaclickpolitica/posts/531385477196327,VEM O SEGUNDO GOLPE! Porta voz da Globo diz que condenação de Lula ‘é certa’ e conclama forças de centro; CONFIRA!,http://clickpolitica.com.br/geral/vem-o-segundo-golpe-porta-voz-da-globo-diz-que-condenacao-de-lula-e-certa-e-conclama-forcas-de-centro-confira/,,VEM O SEGUNDO GOLPE! Porta voz da Globo diz que condenação de Lula ‘é certa’ e conclama forças de centro; CONFIRA!,"Merval Pereira, em O Globo: “Se a campanha deixar de ser polarizada com a saída de Lula da disputa, Alckmin surge como uma possibilidade conciliadora juntamente com Marina Silva da Rede, retirando …",,,2.5517241379310347
InfoMoney,1306678,2017-11-07 19:31:55 BRST,Link,40,23,4,1,0,6,0,1,0,,0,0,0,https://www.facebook.com/InfoMoney/posts/1563074000394994,Candidatos podem se frustrar nas eleições,http://bit.ly/2zEdc7X,http://www.infomoney.com.br/mercados/politica/noticia/7059104/segundos-que-podem-estragar-festa-jair-bolsonaro-marina-silva-nas,"Os 13 segundos que podem ""estragar a festa"" de Jair Bolsonaro e Marina Silva nas eleições", ,,,-2.72
Fiscop - Associação Brasileira de Fiscais de Conduta Política,190950,2017-11-07 17:59:22 BRST,Link,97,150,122,1,4,76,5,81,0,,0,0,0,https://www.facebook.com/fiscop/posts/1911801209136236,"Vai vendo, o sonho da Globo é uma socialista inútil ao lado do seu garoto Luciano.",http://veja.abril.com.br/blog/radar/luciano-huck-sonha-com-marina-silva-para-ser-sua-vice/,,Luciano Huck sonha com Marina Silva para ser sua vice | Radar | VEJA.com,A vice dos sonhos,,,-2.083955223880597
HuffPost Brasil,891785,2017-11-07 15:59:05 BRST,Link,496,166,59,46,61,587,33,172,0,,0,0,0,https://www.facebook.com/HuffPostBrasil/posts/1830194230324156,Colunistas revelam: Luciano Huck quer Marina Silva e Joaquim Barbosa.,http://huffp.st/6egargE,http://www.huffpostbrasil.com/2017/11/07/o-trio-improvavel-que-pode-se-unir-para-conquistar-a-presidencia-em-2018_a_23269293/?utm_hp_ref=br-noticias&ncid=fcbklnkbrhpmg00000004,O trio improvável que pode se unir para conquistar a Presidência em 2018,Luciano Huck sonda Joaquim Barbosa e Marina Silva para vice nas eleições. ,,,3.1702544031311155
REDE Sustentabilidade,139368,2017-11-07 15:03:00 BRST,Photo,892,87,254,126,3,167,1,0,0,,0,0,0,https://www.facebook.com/RedeSustentabilidade18/posts/1597946420243703,"""Aos que me acusam de estar 'sumida', só tenho a dizer que continuo fazendo o meu trabalho como sempre fiz, não tenho mandato parlamentar ou função pública, sou uma professora que sobrevive do trabalho que faz. Sempre me posicionei sobre os principais assuntos do país. Aprendi a duras penas que a liberdade é o exercício de fala livre e autônoma, talvez por não falar de nenhum dos lados da polarização tentem silenciar meu posicionamento."", diz Marina Silva. Assista ao vídeo - http://bit.ly/2ybwz43:=:https://www.facebook.com/marinasilva.oficial/videos/1749915511686738/?hc_ref=ARR4DA8ZmlaNXh-Uyf7ztJmPruCiSGZdA9LPNJN5DbLEa35pN8oJCT5jmf3Yqd9akjM",https://www.facebook.com/RedeSustentabilidade18/photos/a.498306806874342.107546.493416060696750/1597945430243802/?type=3,,,,,,2.3981191222570533
Jornalivre,130773,2017-11-07 14:00:01 BRST,Link,48,3,54,0,1,1,0,4,0,,0,0,0,https://www.facebook.com/jornalivrebrasil/posts/1713591085319408,"Quanto a Marina Silva e Luciano Huck, não foi possível achar os seus posicionamentos, embora seja provável que Marina pense exatamente igual aos petistas.",http://jornalivre.com/2017/11/07/11-pre-candidatos-a-presidencia-e-o-que-pensam-sobre-o-uber/,https://jornalivre.com/2017/11/07/11-pre-candidatos-a-presidencia-e-o-que-pensam-sobre-o-uber/,11 pré-candidatos à Presidência e o que pensam sobre o Uber,O Projeto da Câmara dos Deputados (PLC 28/2017) foi aprovado com alterações pelo Senado Federal no último dia 31 de outubro e voltará à Câmara para sua análise final. Escrito originalmente pelo Sin…,,,-2.4594594594594597
Eu MORO no Brasil,147970,2017-11-07 11:10:54 BRST,Link,68,278,34,2,4,51,2,71,0,,0,0,0,https://www.facebook.com/moronobrasil/posts/657417107979831,,https://www.cesarweis.com/luciano-huck-sonha-com-marina-silva-para-ser-sua-vice/,,Luciano Huck sonha com Marina Silva para ser sua vice,"Ele diz que não é candidato. Mas se Luciano Huck pudesse escolher uma vice para a sua chapa, ela seria Marina Silva, da Rede. Lançada como uma espécie de brincadeira, a candidatura de Huck, ganha e…",,,1.3246753246753247
Jornal Do PAÍS,12517,2017-11-07 09:32:01 BRST,Link,4,5,2,0,0,4,0,1,0,,0,0,0,https://www.facebook.com/jornaldopaisoficial/posts/790610327803246,,https://www.jornaldopais.com.br/e-melhor-cancelar-eleicao-e-entregar-o-pais-globo-ciro-gomes-ironiza-candidatura-de-luciano-huck/,,''É melhor cancelar a eleição e entregar o país à Globo''. Ciro Gomes ironiza candidatura de Luciano Huck - Jornal do Pais,"Acostumado a usar adjetivos fortes para desqualificar adversários políticos, o presidenciável Ciro Gomes (PDT) falou rapidamente com o BNews. Negou que tenha sido machista ao dizer que as eleições de 2018 é de testosterona, numa crítica direta a Marina Silva (Rede), voltou a atacar o Congresso Nacio...",,,-1.6875
Jornal Meriti Baixada,27836,2017-11-07 07:59:14 BRST,Status,12,37,0,0,0,1,0,2,0,,0,0,0,https://www.facebook.com/jornalmeritiBaixada/posts/817622845085697,#Bomdia Enquete para Presidente. Se as eleições fossem hoje em quem você votaria? Responda nos comentários 1 - Lula 2 - Bolsonaro 3 - Marina Silva 4 - João Doria 5 - Ciro Gomes 6 - Geraldo Alckmin 7 - Outros 8 - Brancos/nulos/indecisos Vamos contabilizar os votos e depois mostrar o resultado.,,,,,,,2.6
Boletim de Ocorrências RJ,472029,2017-11-07 05:31:20 BRST,Status,550,1919,32,9,8,28,4,11,0,,0,0,0,https://www.facebook.com/BoletimdeOcorrenciasrj/posts/1458228057564066,#Bomdia Enquete para Presidente. Se as eleições fossem hoje em quem você votaria? Responda nos comentários 1 - Lula 2 - Bolsonaro 3 - Marina Silva 4 - João Doria 5 - Ciro Gomes 6 - Geraldo Alckmin 7 - Outros 8 - Brancos/nulos/indecisos Vamos contabilizar os votos e depois mostrar o resultado.,,,,,,,8.652027027027026
Baixada Viva Notícias,310988,2017-11-07 00:39:03 BRST,Status,664,2499,37,11,7,37,1,31,0,,0,0,0,https://www.facebook.com/baixadavivanoticias/posts/1104085603028157,Enquete para Presidente. Se as eleições fossem hoje em quem você votaria? Responda nos comentários 1 - Lula 2 - Bolsonaro 3 - Marina Silva 4 - João Doria 5 - Ciro Gomes 6 - Geraldo Alckmin 7 - Outros 8 - Brancos/nulos/indecisos Vamos contabilizar os votos e depois mostrar o resultado.,,,,,,,8.017073170731708
Notícias Policiais,123244,2017-11-06 23:35:06 BRST,Photo,1,0,0,0,0,0,0,0,0,,0,0,0,https://www.facebook.com/NoticiasPoliciciais/posts/2004094843213129,"🚔🚦☠🔰FALTA DE COMPROMISSO: Liderança abandona Avante em São José de Piranhas Publicado dia 06/11/2017 Em reunião realizada na tarde deste domingo (05/11), agendada pelo empresário Francione Mendes na cidade de Cajazeiras, o ex-candidato a prefeito por São José de Piranhas Em reunião realizada na tarde deste domingo (05/11), agendada pelo empresário Francione Mendes na cidade de Cajazeiras, o ex-candidato a prefeito por São José de Piranhas, nas eleições de 2016, pelo Partido Trabalhista do Brasil (antigo PTdoB), agora Avante e, demais correligionários políticos, decidiu, após diálogo com o Coordenador Estadual de Comunicação da Rede Sustentabilidade – Junior Barreto e, em consenso com lideranças comunitárias e políticas, suplentes de vereadores e amigos, o líder político piranhense confidenciou grande simpatia com o partido fundado pela ex-senadora Marina Silva, detentora de 22 milhões de votos nas eleições presidenciais de 2014. De acordo com o Professor Clóvis Barbosa...",https://www.facebook.com/NoticiasPoliciciais/photos/a.1686402764982340.1073741829.1686370798318870/2004094826546464/?type=3,,,,,,-48.0
Jornal Do PAÍS,12495,2017-11-06 18:43:58 BRST,Link,4,6,4,0,0,1,0,2,0,,0,0,0,https://www.facebook.com/jornaldopaisoficial/posts/790402154490730,,https://www.jornaldopais.com.br/uniao-entre-luciano-huck-e-joaquim-barbosa-esta-se-desenhando-para-disputa-em-2018/amp/,,União entre Luciano Huck e Joaquim Barbosa está se desenhando para a disputa em 2018 - Jornal do Pais,"O Radar conta que os domínios na internet “LucianoHuck2018.com.br” e “JoaquimBarbosa2018.com.br” estão foram devidamente registrados. Anteriormente, vimos que o sonho do apresentador da Globo é formar chapa com Marina Silva. Já Marina tem demonstrado muito interesse em formar chama com Joaquim Barbo...",,,-1.6470588235294117
InfoMoney,1306409,2017-11-06 18:32:32 BRST,Link,129,62,14,3,2,35,0,15,0,,0,0,0,https://www.facebook.com/InfoMoney/posts/1561900997178961,Um verdadeiro pesadelo a Bolsonaro e Marina,http://bit.ly/2yAv5EH,http://www.infomoney.com.br/mercados/politica/noticia/7059104/segundos-que-podem-estragar-festa-jair-bolsonaro-marina-silva-nas,"Os 13 segundos que podem ""estragar a festa"" de Jair Bolsonaro e Marina Silva nas eleições", ,,,1.0655737704918034
Voto Consciente São Paulo,3671,2017-11-06 18:17:32 BRST,Link,13,1,0,1,0,0,0,0,0,,0,0,0,https://www.facebook.com/VotoConscienteSaoPaulo/posts/1709835172369869,"Ministra dos Direitos Humanos compara sua situação à de trabalho escravo. Tiririca declara não se recandidatar em 2018 e ressalta que não foi procurado por ninguém pró-Temer no Congresso, talvez por terem “alergia” dele. Ciro Gomes sobre Marina Silva, para as eleições de 2018: “Não vejo ela com energia, e o momento é muito de testosterona”. Os cientistas políticos Humberto Dantas e Vitor Oliveira analisam as repercussões dessa semana e discutem também sobre o posicionamento dos partidos às vésperas de 2018, reformas políticas e ministeriais, e diversos outros assuntos. Confira no podcast dessa semana! #ReformaMinisterial #Mulheres #Tiririca #TrabalhoEscravo #PSDB #SenadoFederal #GastosPúblicos",http://politica.estadao.com.br/blogs/legis-ativo/podcast-legis-ativo-declaracoes-polemicas-posicionamento-dos-partidos-as-vesperas-de-2018-e-reformas-politicas-e-ministeriais/,,"Podcast Legis-Ativo | Declarações polêmicas, posicionamento dos partidos às vésperas de 2018, e reformas políticas e ministeriais","""E o PSDB? Desembarca ou não do governo?"", traz a questão o cientista político Humberto Dantas, em diálogo com o",,,-0.0
MBM - Movimento Brasil Melhor,139174,2017-11-06 16:15:50 BRST,Link,32,49,4,0,1,15,0,0,0,,0,0,0,https://www.facebook.com/movimentbrasilmelhor/posts/1407064632750205,O maior pesadelo de Marina e Bolsonaro,http://bit.ly/2AbEEGu,http://www.infomoney.com.br/mercados/politica/noticia/7059104/segundos-que-podem-estragar-festa-jair-bolsonaro-marina-silva-nas,"Os 13 segundos que podem ""estragar a festa"" de Jair Bolsonaro e Marina Silva nas eleições", ,,,1.4852941176470589
REDE Sustentabilidade,139351,2017-11-06 16:15:00 BRST,Link,164,5,89,0,0,0,39,38,0,,0,0,0,https://www.facebook.com/RedeSustentabilidade18/posts/1597215830316762,"Ao completar dois anos, o maior crime ambiental da história do Brasil permanece impune. Mergulhadas em tristeza e sofrimento, famílias atingidas ainda aguardam suas indenizações; lutam para vencer os graves problemas de saúde mental como depressão e angústia; tentam se adaptar às casas alugadas onde foram provisoriamente reassentadas, distantes de parentes e vizinhos; e na expectativa de reaver seus antigos modos de vida, aguardam a promessa da construção dos novos vilarejos. As medidas de recuperação do leito do Rio Doce, da fauna e flora, também seguem tímidas se comparadas com a amplitude e profundidade dos danos e perdas causados pela contaminação, embora algumas ações de revegetação tenham sido realizadas para recompor as margens. assoreadas dos rios. via Marina Silva #Samarco2anos #NãoEsqueceremos‬ ‪#SalvemRioDoce ‬#Justiça",https://redesustentabilidade.org.br/2017/11/06/o-maior-crime-ambiental-da-historia-do-brasil-permanece-impune/,,O maior crime ambiental da história do Brasil permanece impune,"Ao completar dois anos, o maior crime ambiental da história do Brasil permanece impune. A ação criminal, que responsabilizou a mineradora Samarco e seus ex-diretores pela avalanche de lama com rejeitos de minérios, causada pelo rompimento da barragem de Fundão em Mariana (MG), está suspensa pela Jus...",,,-2.271641791044776
Humor Brasil,129008,2017-11-06 15:01:52 BRST,Link,48,62,3,1,2,28,0,19,0,,0,0,0,https://www.facebook.com/BrasillHumor/posts/500674696957812,"Luciano Huck e joaquim Barbosa como vice Presidênte, Qual Sua Opnião?",http://brasilnews7.com/politica/chapa-luciano-huck-e-joaquim-barbosa-esta-se-desenhando-para-a-disputa-da-presidencia-em-2018/,,Chapa Luciano Huck e Joaquim Barbosa está se desenhando para a disputa da Presidência em 2018,"O Radar conta que os domínios na internet “LucianoHuck2018.com.br” e “JoaquimBarbosa2018.com.br” estão foram devidamente registrados. Anteriormente, vimos que o sonho do apresentador da Globo é formar chapa com Marina Silva. Já Marina tem demonstrado muito interesse em formar chama com Joaquim Barbo...",,,-1.3312883435582823
Vi por ai Postei por aqui,271445,2017-11-06 15:00:45 BRST,Link,69,90,6,2,1,21,0,17,0,,0,0,0,https://www.facebook.com/Viporaiposteiporaqui/posts/2020128668218697,"Luciano Huck e joaquim Barbosa como vice Presidênte, Qual Sua Opnião?",http://brasilnews7.com/politica/chapa-luciano-huck-e-joaquim-barbosa-esta-se-desenhando-para-a-disputa-da-presidencia-em-2018/,,Chapa Luciano Huck e Joaquim Barbosa está se desenhando para a disputa da Presidência em 2018,"O Radar conta que os domínios na internet “LucianoHuck2018.com.br” e “JoaquimBarbosa2018.com.br” estão foram devidamente registrados. Anteriormente, vimos que o sonho do apresentador da Globo é formar chapa com Marina Silva. Já Marina tem demonstrado muito interesse em formar chama com Joaquim Barbo...",,,-1.087378640776699
Jornal Do PAÍS,12495,2017-11-06 12:44:24 BRST,Link,5,11,2,0,0,1,0,1,0,,0,0,0,https://www.facebook.com/jornaldopaisoficial/posts/790291444501801,,https://www.jornaldopais.com.br/uniao-entre-luciano-huck-e-joaquim-barbosa-esta-se-desenhando-para-disputa-em-2018/,,União entre Luciano Huck e Joaquim Barbosa está se desenhando para a disputa em 2018 - Jornal do Pais,"O Radar conta que os domínios na internet “LucianoHuck2018.com.br” e “JoaquimBarbosa2018.com.br” estão foram devidamente registrados. Anteriormente, vimos que o sonho do apresentador da Globo é formar chapa com Marina Silva. Já Marina tem demonstrado muito interesse em formar chama com Joaquim Barbo...",,,-1.4
Randolfe Rodrigues,185244,2017-11-06 11:29:22 BRST,Photo,350,48,101,3,0,1,107,0,0,,0,0,0,https://www.facebook.com/randolferodrigues/posts/1715231725205986,"Na manhã de hoje (06), recebi a triste notícia do falecimento do amigo Tomé Belo, da Comunidade do Carvão, em Mazagão. Tomé foi um dos primeiros militantes sociais do Amapá, fundador do Sindicato dos Trabalhadores Rurais, da Escola Família do Carvão, do CNS e do PT. Companheiro de lutas de Chico Mendes e Marina Silva, foi uma referência na luta pela Amazônia. Fica aqui meu agradecimento pelo legado deixado e meu mais terno abraço aos familiares e amigos. Vá em paz! #Luto Descrição da imagem #PraCegoVer / #LegendaAcessível: Foto em preto e branco de Tomé Belo de perfil, falando ao microfone. Do lado da foto, à direita, está a inscrição: “Luto – Tomé Belo”, com letras brancas e amarelas.",https://www.facebook.com/randolferodrigues/photos/a.687020701360432.1073741827.687008454694990/1715231055206053/?type=3,,,,,,2.675438596491228
InfoMoney,1306409,2017-11-06 11:29:10 BRST,Link,587,375,71,9,11,187,9,109,0,,0,0,0,https://www.facebook.com/InfoMoney/posts/1561503213885406,O maior pesadelo de Marina e Bolsonaro,http://bit.ly/2AbEEGu,http://www.infomoney.com.br/mercados/politica/noticia/7059104/segundos-que-podem-estragar-festa-jair-bolsonaro-marina-silva-nas,"Os 13 segundos que podem ""estragar a festa"" de Jair Bolsonaro e Marina Silva nas eleições", ,,,5.542857142857143
Amauri Teixeira,78360,2017-11-06 09:57:31 BRST,Link,22,32,29,0,0,12,0,3,0,,0,0,0,https://www.facebook.com/AmauriTeixeira13/posts/1114635438666976,,https://www.brasil247.com/pt/247/brasil/325865/Luciano-Huck-quer-Marina-como-sua-vice.htm,,Luciano Huck quer Marina como sua vice,"""Ele não é candidato. Mas se Luciano Huck pudesse escolher uma vice para a sua chapa, ela seria Marina Silva"", diz nota de Maurício Lima, editor da coluna Radar",,,1.3424657534246576
Peloamordedeus,170461,2017-11-06 09:56:56 BRST,Link,9,17,5,0,1,2,0,8,0,,0,0,0,https://www.facebook.com/SitePeloAmorDeDeus/posts/2036369443305826,https://peloamordedeus.com/luciano-huck-quer-marina-silva-de-vice-diz-veja/,https://peloamordedeus.com/luciano-huck-quer-marina-silva-de-vice-diz-veja/,,"Luciano Huck quer Marina Silva de vice, diz a Veja - Compartilhe agora!","Segundo o Radar, da Veja, Luciano Huck tem um sonho. “Ele não é candidato. Mas se Luciano Huck pudesse escolher uma vice para a sua chapa, ela seria Marina",,,-4.071428571428571
O Tempo,516173,2017-11-06 09:50:00 BRST,Link,17,19,2,0,0,13,0,1,0,,0,0,0,https://www.facebook.com/portalotempo/posts/1563398943742646,"Projeção da “Folha” para o tempo a ser distribuído entre os candidatos em 2018 mostra Marina com 12,8 segundos e Bolsonaro com 10 segundos em cada bloco",http://www.otempo.com.br/capa/pol%C3%ADtica/marina-silva-e-jair-bolsonaro-podem-reeditar-en%C3%A9as-1.1539388,,Marina Silva e Jair Bolsonaro podem reeditar Enéas,,,,-3.0
Gotas de Otimismo e Informação,303776,2017-11-06 08:04:44 BRST,Link,5,17,3,0,0,6,0,10,0,,0,0,0,https://www.facebook.com/GotinhasdeOtimismo/posts/1754783214565962,http://clickpolitica.com.br/brasil/huck-quer-marina-silva-como-sua-vice-sonha-com-impugnacao-de-lula-e-espera-apoio-irrestrito-da-globo-em-2018/,http://clickpolitica.com.br/brasil/huck-quer-marina-silva-como-sua-vice-sonha-com-impugnacao-de-lula-e-espera-apoio-irrestrito-da-globo-em-2018/,,"Huck quer Marina Silva como sua vice, sonha com impugnação de Lula e espera apoio irrestrito da Globo em 2018","O apresentador da Globo, Luciano Huck, estaria sonhando com Marina Silva para compor chapa nas eleições de 2018. A informação foi dada pela a Coluna Radar. Huck que tenta conquistar o apoio do Merc…",,,-2.6097560975609757
Por um Brasil Decente,150364,2017-11-06 01:42:01 BRST,Link,117,274,0,0,7,69,9,115,0,,0,0,0,https://www.facebook.com/porumbrasildecente/posts/2045992572287430,Que se juntem para o povo excluir de uma vez esses dois oportunistas de suas pretensões políticas,http://veja.abril.com.br/blog/radar/luciano-huck-sonha-com-marina-silva-para-ser-sua-vice/,,Mario Moscatelli 1,"CADA UMA....
Quer saber, isso ainda vai dar muito pano para a manga....
O circo de horrores chamado Brasil, apresenta os próximos espetáculos.
Aquela história de casa em Angra dos Reis, cheia de problemas ambientais que foram equacionados ""brilhantemente"" pelo escritório da mulher do preso Cabral, nisso nem se fala.
São em alguns aspectos e atitudes pessoais que se percebe a real personalidade de nossos ""novos"" salvadores da pátria.
http://veja.abril.com.br/blog/radar/luciano-huck-sonha-com-marina-silva-para-ser-sua-vice/",,,-1.0372250423011844
Click Política,7203,2017-11-05 23:12:20 BRST,Link,2,1,4,0,0,1,0,0,0,,0,0,0,https://www.facebook.com/paginaclickpolitica/posts/530297837305091,"Huck Quer Marina Silva Como Sua Vice, Sonha Com Impugnação De Lula E Espera Apoio Irrestrito Da Globo Em 2018",http://clickpolitica.com.br/brasil/huck-quer-marina-silva-como-sua-vice-sonha-com-impugnacao-de-lula-e-espera-apoio-irrestrito-da-globo-em-2018/,,"Huck quer Marina Silva como sua vice, sonha com impugnação de Lula e espera apoio irrestrito da Globo em 2018","O apresentador da Globo, Luciano Huck, estaria sonhando com Marina Silva para compor chapa nas eleições de 2018. A informação foi dada pela a Coluna Radar. Huck que tenta conquistar o apoio do Merc…",,,-5.25
Click Política,7203,2017-11-05 23:11:54 BRST,Link,1,1,0,0,0,1,0,1,0,,0,0,0,https://www.facebook.com/paginaclickpolitica/posts/530297757305099,"Huck quer Marina Silva como sua vice, sonha com impugnação de Lula e espera apoio irrestrito da Globo em 2018",http://clickpolitica.com.br/brasil/huck-quer-marina-silva-como-sua-vice-sonha-com-impugnacao-de-lula-e-espera-apoio-irrestrito-da-globo-em-2018/,,"Huck quer Marina Silva como sua vice, sonha com impugnação de Lula e espera apoio irrestrito da Globo em 2018","O apresentador da Globo, Luciano Huck, estaria sonhando com Marina Silva para compor chapa nas eleições de 2018. A informação foi dada pela a Coluna Radar. Huck que tenta conquistar o apoio do Merc…",,,-10.5
Hugo Goes,88123,2017-11-05 22:18:14 BRST,Status,61,6,2,1,0,9,0,0,0,,0,0,0,https://www.facebook.com/hugogoes2/posts/1711666022209107,"Em matéria de economia, cada candidato a presidente tem o seu guru: – Lula: Delfim Netto; – Jair Bolsonaro: Adolfo Sachsida; – Marina Silva: Eduardo Giannetti; – João Doria: Ana Carla Abraão Costa; – Geraldo Alckmin: Pérsio Arida; – Luciano Huck: Arminio Fraga; – Ciro Gomes: Mangabeira Unger; – João Amoêdo: Gustavo Franco; – Henrique Meirelles: Henrique Meirelles.",,,,,,,-2.4683544303797467
MBM - Movimento Brasil Melhor,139225,2017-11-05 22:15:30 BRST,Link,21,84,7,0,0,0,0,0,0,,0,0,0,https://www.facebook.com/movimentbrasilmelhor/posts/1406420716147930,,https://www.brasil247.com/pt/247/brasil/325865/Luciano-Huck-quer-Marina-como-sua-vice.htm,,Luciano Huck quer Marina como sua vice,"""Ele não é candidato. Mas se Luciano Huck pudesse escolher uma vice para a sua chapa, ela seria Marina Silva"", diz nota de Maurício Lima, editor da coluna Radar",,,1.4933333333333334
Brasil 247,890446,2017-11-05 21:30:01 BRST,Link,317,357,385,2,25,448,12,75,0,,0,0,0,https://www.facebook.com/Brasil247/posts/1798513563534976,Seria este o triste fim de Marina?,https://www.brasil247.com/pt/247/brasil/325865/Luciano-Huck-quer-Marina-como-sua-vice.htm,,Luciano Huck quer Marina como sua vice,"""Ele não é candidato. Mas se Luciano Huck pudesse escolher uma vice para a sua chapa, ela seria Marina Silva"", diz nota de Maurício Lima, editor da coluna Radar",,,2.118954248366013
Time Lula,125342,2017-11-05 20:49:36 BRST,Link,71,109,21,0,1,38,1,12,0,,0,0,0,https://www.facebook.com/TimeLula/posts/2005876239657721,"QUE TRAGÉDIA 😂 Luciano Huck quer Marina como sua vice | Brasil 24/7 https://www.brasil247.com/pt/247/brasil/325865/Luciano-Huck-quer-Marina-como-sua-vice.htm 247 - ""Ele não é candidato. Mas se Luciano Huck pudesse escolher uma vice para a sua chapa, ela seria Marina Silva"", diz nota de Maurício Lima, editor da coluna Radar, da Veja. O apresentador da Globo tem se tornado aposta da direita como 'candidato de fora da política', de quem se pressupõe confiança e esperança por parte da população",https://www.brasil247.com/pt/247/brasil/325865/Luciano-Huck-quer-Marina-como-sua-vice.htm,,Luciano Huck quer Marina como sua vice,"""Ele não é candidato. Mas se Luciano Huck pudesse escolher uma vice para a sua chapa, ela seria Marina Silva"", diz nota de Maurício Lima, editor da coluna Radar",,,1.2908163265306123
Time Dilma,154654,2017-11-05 20:48:38 BRST,Link,41,75,12,0,4,34,5,15,0,,0,0,0,https://www.facebook.com/TimeDilma/posts/1257489524357586,"QUE TRAGÉDIA 😂 Luciano Huck quer Marina como sua vice | Brasil 24/7 https://www.brasil247.com/pt/247/brasil/325865/Luciano-Huck-quer-Marina-como-sua-vice.htm 247 - ""Ele não é candidato. Mas se Luciano Huck pudesse escolher uma vice para a sua chapa, ela seria Marina Silva"", diz nota de Maurício Lima, editor da coluna Radar, da Veja. O apresentador da Globo tem se tornado aposta da direita como 'candidato de fora da política', de quem se pressupõe confiança e esperança por parte da população",https://www.brasil247.com/pt/247/brasil/325865/Luciano-Huck-quer-Marina-como-sua-vice.htm,,Luciano Huck quer Marina como sua vice,"""Ele não é candidato. Mas se Luciano Huck pudesse escolher uma vice para a sua chapa, ela seria Marina Silva"", diz nota de Maurício Lima, editor da coluna Radar",,,1.4307692307692308
Blog do BG,18966,2017-11-05 19:40:04 BRST,Photo,3,0,0,0,0,0,0,0,0,,0,0,0,https://www.facebook.com/blogdobg/posts/1714385741905634,Luciano Huck sonha com Marina Silva para ser sua vice: http://ow.ly/oIW330gmPJ7:=:http://blogdobg.com.br/luciano-huck-sonha-com-marina-silva-para-ser-sua-vice/,https://www.facebook.com/blogdobg/photos/a.985574174786798.1073741826.498955330115354/1714385741905634/?type=3,,Timeline Photos,,,,-8.333333333333334
REDE Sustentabilidade,139332,2017-11-05 17:40:00 BRST,Photo,773,66,152,101,40,11,0,1,0,,0,0,0,https://www.facebook.com/RedeSustentabilidade18/posts/1596295757075436,"""É natural que a percepção em relação ao nome de Marina Silva comece a ficar mais positiva"", diz Danilo Cersosimo, diretor do Ipsos - http://bit.ly/2Ak6MYG:=:http://politica.estadao.com.br/noticias/geral,desaprovacao-a-politicos-para-de-crescer,70002064453",https://www.facebook.com/RedeSustentabilidade18/photos/a.498306806874342.107546.493416060696750/1596293400409005/?type=3,,,,,,1.6226950354609928
MBM - Movimento Brasil Melhor,139225,2017-11-05 17:04:08 BRST,Link,19,53,1,3,2,15,1,2,0,,0,0,0,https://www.facebook.com/movimentbrasilmelhor/posts/1405623389560996,,http://m.blogs.ne10.uol.com.br/jamildo/2017/11/04/sem-lula-bolsonaro-pode-ter-que-se-estapear-com-marina-silva/,,"Sem Lula, Bolsonaro pode ter que se estapear com Marina Silva - Blog de Jamildo","Eleições 2018: Um cenário polarizado O Brasil decidirá, em menos de um ano, qual será nome do novo presidente da República. A eleição de 2018 para o Paláci",,,1.3333333333333333
Diário do Centro do Mundo,303071,2017-11-05 15:06:32 BRST,Link,115,51,83,2,7,174,1,30,0,,0,0,0,https://www.facebook.com/diariodocentrodomundo/posts/1998940143652462,Tudo a ver,http://www.diariodocentrodomundo.com.br/essencial/luciano-huck-quer-marina-silva-de-vice-diz-veja/,,"Luciano Huck quer Marina Silva de vice, diz a Veja","  Segundo o Radar, da Veja, Luciano Huck tem um sonho. “Ele não é candidato. Mas se Luciano Huck pudesse escolher uma vice para a sua chapa, ela seria Marina Silva”, diz a coluna. …",,,-1.2375809935205184
Vamos falar de Ciência?,526357,2017-11-05 15:00:00 BRST,Link,18,31,5,0,1,0,1,3,0,,0,0,0,https://www.facebook.com/VamosFalarDeCiencia/posts/2010333282556685,"Essa semana iremos encerrar o primeiro turno da nossa enquete, e na semana que vem faremos um segundo turno com os três candidatos mais votados. Até o momento Bolsonaro vem assumindo a liderança, com Ciro logo atrás e Marina Silva em terceiro 🗳️ Em quem você votaria para presidente em 2018? 🗳️ Enquete: https://goo.gl/4UKPku:=:http://vamosfalarde.com.br/enquete-em-quem-voce-votaria-para-presidente-em-2018/ Obs.: Seu voto é secreto kkk 😁",https://goo.gl/4UKPku,http://vamosfalarde.com.br/enquete-em-quem-voce-votaria-para-presidente-em-2018/,Enquete: Em quem você votaria para presidente em 2018? - Vamos falar de Política?,"Sabemos que muitas pesquisas são manipuladas, diante disso resolvemos criar uma online e pedir através do Facebook para que as pessoas façam sua escolha Eleições estão chegando, e esses são os possíveis candidatos para presidente em 2018, se fosse hoje as eleições, em quem você votaria? Obrigado pel...",,,-1.11864406779661
Vamos falar de Política?,394329,2017-11-05 15:00:00 BRST,Link,7,4,0,0,0,0,0,0,0,,0,0,0,https://www.facebook.com/VamosFalarDePoliticaa/posts/1487260724660463,"Essa semana iremos encerrar o primeiro turno da nossa enquete, e na semana que vem faremos um segundo turno com os três candidatos mais votados. Até o momento Bolsonaro vem assumindo a liderança, com Ciro logo atrás e Marina Silva em terceiro 🗳️ Em quem você votaria para presidente em 2018? 🗳️ Enquete: https://goo.gl/4UKPku:=:http://vamosfalarde.com.br/enquete-em-quem-voce-votaria-para-presidente-em-2018/ Obs.: Seu voto é secreto kkk 😁",https://goo.gl/4UKPku,http://vamosfalarde.com.br/enquete-em-quem-voce-votaria-para-presidente-em-2018/,Enquete: Em quem você votaria para presidente em 2018? - Vamos falar de Política?,"Sabemos que muitas pesquisas são manipuladas, diante disso resolvemos criar uma online e pedir através do Facebook para que as pessoas façam sua escolha Eleições estão chegando, e esses são os possíveis candidatos para presidente em 2018, se fosse hoje as eleições, em quem você votaria? Obrigado pel...",,,-12.818181818181818
Vamos falar de Curiosidades?,154751,2017-11-05 14:21:14 BRST,Link,5,1,2,0,0,0,1,0,0,,0,0,0,https://www.facebook.com/VamosFalarDeCuriosidadesOficial/posts/2427481600809442,"Essa semana iremos encerrar o primeiro turno da nossa enquete, e na semana que vem faremos um segundo turno com os três candidatos mais votados. Até o momento Bolsonaro vem assumindo a liderança, com Ciro logo atrás e Marina Silva em terceiro 🗳️ Em quem você votaria para presidente em 2018? 🗳️ Enquete: https://goo.gl/4UKPku:=:http://vamosfalarde.com.br/enquete-em-quem-voce-votaria-para-presidente-em-2018/ Obs.: Seu voto é secreto kkk 😁",https://goo.gl/4UKPku,http://vamosfalarde.com.br/enquete-em-quem-voce-votaria-para-presidente-em-2018/,Enquete: Em quem você votaria para presidente em 2018? - Vamos falar de Política?,"Sabemos que muitas pesquisas são manipuladas, diante disso resolvemos criar uma online e pedir através do Facebook para que as pessoas façam sua escolha Eleições estão chegando, e esses são os possíveis candidatos para presidente em 2018, se fosse hoje as eleições, em quem você votaria? Obrigado pel...",,,-4.777777777777778
Vamos falar de História?,1011033,2017-11-05 14:20:00 BRST,Link,15,20,2,1,0,0,2,0,0,,0,0,0,https://www.facebook.com/VamosFalarDeHistoria/posts/1689701857741044,"Essa semana iremos encerrar o primeiro turno da nossa enquete, e na semana que vem faremos um segundo turno com os três candidatos mais votados. Até o momento Bolsonaro vem assumindo a liderança, com Ciro logo atrás e Marina Silva em terceiro 🗳️ Em quem você votaria para presidente em 2018? 🗳️ Enquete: https://goo.gl/4UKPku:=:http://vamosfalarde.com.br/enquete-em-quem-voce-votaria-para-presidente-em-2018/ Obs.: Seu voto é secreto kkk 😁",https://goo.gl/4UKPku,http://vamosfalarde.com.br/enquete-em-quem-voce-votaria-para-presidente-em-2018/,Enquete: Em quem você votaria para presidente em 2018? - Vamos falar de Política?,"Sabemos que muitas pesquisas são manipuladas, diante disso resolvemos criar uma online e pedir através do Facebook para que as pessoas façam sua escolha Eleições estão chegando, e esses são os possíveis candidatos para presidente em 2018, se fosse hoje as eleições, em quem você votaria? Obrigado pel...",,,-4.45
Vamos falar de Filosofia?,153721,2017-11-05 14:06:53 BRST,Link,8,5,1,1,1,0,0,0,0,,0,0,0,https://www.facebook.com/VamosFalarDeFilosofia/posts/1893695737341180,"Essa semana iremos encerrar o primeiro turno da nossa enquete, e na semana que vem faremos um segundo turno com os três candidatos mais votados. Até o momento Bolsonaro vem assumindo a liderança, com Ciro logo atrás e Marina Silva em terceiro 🗳️ Em quem você votaria para presidente em 2018? 🗳️ Enquete: https://goo.gl/4UKPku:=:http://vamosfalarde.com.br/enquete-em-quem-voce-votaria-para-presidente-em-2018/ Obs.: Seu voto é secreto kkk 😁",https://goo.gl/4UKPku,http://vamosfalarde.com.br/enquete-em-quem-voce-votaria-para-presidente-em-2018/,Enquete: Em quem você votaria para presidente em 2018? - Vamos falar de Política?,"Sabemos que muitas pesquisas são manipuladas, diante disso resolvemos criar uma online e pedir através do Facebook para que as pessoas façam sua escolha Eleições estão chegando, e esses são os possíveis candidatos para presidente em 2018, se fosse hoje as eleições, em quem você votaria? Obrigado pel...",,,-3.125
VEJA,7278204,2017-11-05 13:30:01 BRST,Link,3276,2132,251,62,50,1272,46,857,0,,0,0,0,https://www.facebook.com/Veja/posts/10155531302720617,(Via Radar),http://veja.abril.com.br/blog/radar/luciano-huck-sonha-com-marina-silva-para-ser-sua-vice/,,A vice dos sonhos para a chapa de Luciano Huck,,,,5.423890784982935
Por Um Brasil Melhor,113486,2017-11-05 12:26:54 BRST,Link,48,156,29,0,3,48,1,53,0,,0,0,0,https://www.facebook.com/PorUmBrasilMelhorUrgente/posts/792617047607775,Luciano Huck sonha com Marina Silva para ser sua vice,https://goo.gl/svqNdK,https://www.noticiasbrasilonline.com.br/luciano-huck-sonha-com-marina-silva-para-ser-sua-vice/,Luciano Huck sonha com Marina Silva para ser sua vice - Noticias Brasil Online,"Fique por dentro das principais notícias do cenário político brasileiro, além de Economia, Tecnologia, Entretenimento, Saúde e muito mais.",,,3.3137254901960786
Eu Apoio a Lava Jato,192809,2017-11-05 12:23:52 BRST,Link,122,282,36,1,1,51,5,68,0,,0,0,0,https://www.facebook.com/EUAPOIOALAVAJATO/posts/937552753060831,Luciano Huck sonha com Marina Silva para ser sua vice,https://goo.gl/svqNdK,https://www.noticiasbrasilonline.com.br/luciano-huck-sonha-com-marina-silva-para-ser-sua-vice/,Luciano Huck sonha com Marina Silva para ser sua vice - Noticias Brasil Online,"Fique por dentro das principais notícias do cenário político brasileiro, além de Economia, Tecnologia, Entretenimento, Saúde e muito mais.",,,2.596330275229358
Eu Apoio a Lava Jato,192804,2017-11-05 12:23:52 BRST,Link,90,229,31,0,1,33,4,54,0,,0,0,0,https://www.facebook.com/EUAPOIOALAVAJATO/posts/937552753060831,Luciano Huck sonha com Marina Silva para ser sua vice,https://goo.gl/svqNdK,https://www.noticiasbrasilonline.com.br/luciano-huck-sonha-com-marina-silva-para-ser-sua-vice/,Luciano Huck sonha com Marina Silva para ser sua vice - Noticias Brasil Online,"Fique por dentro das principais notícias do cenário político brasileiro, além de Economia, Tecnologia, Entretenimento, Saúde e muito mais.",,,3.7777777777777777
Operação Lava Jato - Apoio Ao Juiz Sergio Moro,487897,2017-11-05 12:20:53 BRST,Link,142,505,44,1,9,145,8,140,0,,0,0,0,https://www.facebook.com/lavajatosergiomoro/posts/1564451476976217,Luciano Huck sonha com Marina Silva para ser sua vice,https://goo.gl/svqNdK,https://www.noticiasbrasilonline.com.br/luciano-huck-sonha-com-marina-silva-para-ser-sua-vice/,Luciano Huck sonha com Marina Silva para ser sua vice - Noticias Brasil Online,"Fique por dentro das principais notícias do cenário político brasileiro, além de Economia, Tecnologia, Entretenimento, Saúde e muito mais.",,,3.8378378378378377
Brasil na Lava Jato,389806,2017-11-05 12:20:04 BRST,Link,64,230,34,0,5,118,5,66,0,,0,0,0,https://www.facebook.com/Brasilnalavajato/posts/2042219089348663,Luciano Huck sonha com Marina Silva para ser sua vice,https://goo.gl/svqNdK,https://www.noticiasbrasilonline.com.br/luciano-huck-sonha-com-marina-silva-para-ser-sua-vice/,Luciano Huck sonha com Marina Silva para ser sua vice - Noticias Brasil Online,"Fique por dentro das principais notícias do cenário político brasileiro, além de Economia, Tecnologia, Entretenimento, Saúde e muito mais.",,,2.9828571428571427
CR7,270311,2017-11-05 11:51:44 BRST,Link,0,0,0,0,0,0,0,0,0,,0,0,0,https://www.facebook.com/newspapo/posts/1628102097252236,A chapa do establishment.... http://ow.ly/S9We30gmwKz:=:https://www.papotv.com.br/posts/luciano-huck-pode-pintar-ao-lado-de-marina-silva-na-disputa-em-2018,http://ow.ly/S9We30gmwKz,https://www.papotv.com.br/posts/luciano-huck-pode-pintar-ao-lado-de-marina-silva-na-disputa-em-2018,Luciano Huck pode pintar ao lado de Marina Silva na disputa em 2018,"se o apresentador da Rede Globo, Luciano Huck, pudesse escolher...",,,-16.0
Presidente Jair Bolsonaro,148435,2017-11-05 11:51:44 BRST,Link,6,5,0,0,0,0,0,0,0,,0,0,0,https://www.facebook.com/PresidenteJB/posts/1939828709672358,A chapa do establishment.... http://ow.ly/S9We30gmwKz:=:https://www.papotv.com.br/posts/luciano-huck-pode-pintar-ao-lado-de-marina-silva-na-disputa-em-2018,http://ow.ly/S9We30gmwKz,https://www.papotv.com.br/posts/luciano-huck-pode-pintar-ao-lado-de-marina-silva-na-disputa-em-2018,Luciano Huck pode pintar ao lado de Marina Silva na disputa em 2018,"se o apresentador da Rede Globo, Luciano Huck, pudesse escolher...",,,-2.727272727272727
Humor News,959519,2017-11-05 11:51:44 BRST,Link,21,31,2,0,1,20,0,5,0,,0,0,0,https://www.facebook.com/HumorNewsOficial/posts/1993783554169543,A chapa do establishment.... http://ow.ly/S9We30gmwKz:=:https://www.papotv.com.br/posts/luciano-huck-pode-pintar-ao-lado-de-marina-silva-na-disputa-em-2018,http://ow.ly/S9We30gmwKz,https://www.papotv.com.br/posts/luciano-huck-pode-pintar-ao-lado-de-marina-silva-na-disputa-em-2018,Luciano Huck pode pintar ao lado de Marina Silva na disputa em 2018,"se o apresentador da Rede Globo, Luciano Huck, pudesse escolher...",,,1.3114754098360655
Clube Dos Caminhões,234908,2017-11-05 11:51:44 BRST,Link,25,14,2,0,0,8,0,2,0,,0,0,0,https://www.facebook.com/caminhoesQualificados01/posts/1608761962478373,A chapa do establishment.... http://ow.ly/S9We30gmwKz:=:https://www.papotv.com.br/posts/luciano-huck-pode-pintar-ao-lado-de-marina-silva-na-disputa-em-2018,http://ow.ly/S9We30gmwKz,https://www.papotv.com.br/posts/luciano-huck-pode-pintar-ao-lado-de-marina-silva-na-disputa-em-2018,Luciano Huck pode pintar ao lado de Marina Silva na disputa em 2018,"se o apresentador da Rede Globo, Luciano Huck, pudesse escolher...",,,1.5
JUIZ Sergio MORO,40668,2017-11-05 11:51:44 BRST,Link,2,5,1,0,0,9,0,2,0,,0,0,0,https://www.facebook.com/JUIZSergioMOROCuritiba/posts/1646879855363941,A chapa do establishment.... http://ow.ly/S9We30gmwKz:=:https://www.papotv.com.br/posts/luciano-huck-pode-pintar-ao-lado-de-marina-silva-na-disputa-em-2018,http://ow.ly/S9We30gmwKz,https://www.papotv.com.br/posts/luciano-huck-pode-pintar-ao-lado-de-marina-silva-na-disputa-em-2018,Luciano Huck pode pintar ao lado de Marina Silva na disputa em 2018,"se o apresentador da Rede Globo, Luciano Huck, pudesse escolher...",,,1.0
Incrivelmente,1141607,2017-11-05 11:51:44 BRST,Link,19,50,14,0,5,20,0,21,0,,0,0,0,https://www.facebook.com/OficialIncrivelmente/posts/725682920968112,A chapa do establishment.... http://ow.ly/S9We30gmwKz:=:https://www.papotv.com.br/posts/luciano-huck-pode-pintar-ao-lado-de-marina-silva-na-disputa-em-2018,http://ow.ly/S9We30gmwKz,https://www.papotv.com.br/posts/luciano-huck-pode-pintar-ao-lado-de-marina-silva-na-disputa-em-2018,Luciano Huck pode pintar ao lado de Marina Silva na disputa em 2018,"se o apresentador da Rede Globo, Luciano Huck, pudesse escolher...",,,1.1120689655172413
Presidente Jair Bolsonaro,N/A,2017-11-05 11:51:36 BRST,Link,23,45,12,0,0,19,1,11,0,,0,0,0,https://www.facebook.com/PresidenteJBolsonaro/posts/2008368729441232,A chapa do establishment.... http://ow.ly/S9We30gmwKz:=:https://www.papotv.com.br/posts/luciano-huck-pode-pintar-ao-lado-de-marina-silva-na-disputa-em-2018,http://ow.ly/S9We30gmwKz,https://www.papotv.com.br/posts/luciano-huck-pode-pintar-ao-lado-de-marina-silva-na-disputa-em-2018,Luciano Huck pode pintar ao lado de Marina Silva na disputa em 2018,"se o apresentador da Rede Globo, Luciano Huck, pudesse escolher...",,,0.0
Intervenção Militar Brasil,154903,2017-11-05 11:51:36 BRST,Link,41,92,25,0,0,24,1,26,0,,0,0,0,https://www.facebook.com/intervencaomilitarFFAA/posts/1962992240605725,A chapa do establishment.... http://ow.ly/S9We30gmwKz:=:https://www.papotv.com.br/posts/luciano-huck-pode-pintar-ao-lado-de-marina-silva-na-disputa-em-2018,http://ow.ly/S9We30gmwKz,https://www.papotv.com.br/posts/luciano-huck-pode-pintar-ao-lado-de-marina-silva-na-disputa-em-2018,Luciano Huck pode pintar ao lado de Marina Silva na disputa em 2018,"se o apresentador da Rede Globo, Luciano Huck, pudesse escolher...",,,1.274390243902439
Apoiamos o juiz Sérgio Moro,158286,2017-11-05 11:51:36 BRST,Link,4,9,1,0,0,7,0,1,0,,0,0,0,https://www.facebook.com/SergioMorodoBrasil/posts/2022485481317836,A chapa do establishment.... http://ow.ly/S9We30gmwKz:=:https://www.papotv.com.br/posts/luciano-huck-pode-pintar-ao-lado-de-marina-silva-na-disputa-em-2018,http://ow.ly/S9We30gmwKz,https://www.papotv.com.br/posts/luciano-huck-pode-pintar-ao-lado-de-marina-silva-na-disputa-em-2018,Luciano Huck pode pintar ao lado de Marina Silva na disputa em 2018,"se o apresentador da Rede Globo, Luciano Huck, pudesse escolher...",,,1.0
Papo TV,149633,2017-11-05 11:51:36 BRST,Link,43,75,78,0,6,27,1,19,0,,0,0,0,https://www.facebook.com/PapoTVBrasil/posts/691778907692588,A chapa do establishment.... http://ow.ly/S9We30gmwKz:=:https://www.papotv.com.br/posts/luciano-huck-pode-pintar-ao-lado-de-marina-silva-na-disputa-em-2018,http://ow.ly/S9We30gmwKz,https://www.papotv.com.br/posts/luciano-huck-pode-pintar-ao-lado-de-marina-silva-na-disputa-em-2018,Luciano Huck pode pintar ao lado de Marina Silva na disputa em 2018,"se o apresentador da Rede Globo, Luciano Huck, pudesse escolher...",,,1.2575757575757576
"Juiz Sérgio Moro, um herói Nacional",1047065,2017-11-05 11:51:36 BRST,Link,145,265,30,0,8,131,12,125,0,,0,0,0,https://www.facebook.com/SergioMoroHeroiNacional/posts/1461416923979582,A chapa do establishment.... http://ow.ly/S9We30gmwKz:=:https://www.papotv.com.br/posts/luciano-huck-pode-pintar-ao-lado-de-marina-silva-na-disputa-em-2018,http://ow.ly/S9We30gmwKz,https://www.papotv.com.br/posts/luciano-huck-pode-pintar-ao-lado-de-marina-silva-na-disputa-em-2018,Luciano Huck pode pintar ao lado de Marina Silva na disputa em 2018,"se o apresentador da Rede Globo, Luciano Huck, pudesse escolher...",,,1.2924187725631768
O Patriotizador,329799,2017-11-05 11:51:36 BRST,Link,67,141,34,0,3,54,0,37,0,,0,0,0,https://www.facebook.com/OPatriotizador/posts/1925567417681572,A chapa do establishment.... http://ow.ly/S9We30gmwKz:=:https://www.papotv.com.br/posts/luciano-huck-pode-pintar-ao-lado-de-marina-silva-na-disputa-em-2018,http://ow.ly/S9We30gmwKz,https://www.papotv.com.br/posts/luciano-huck-pode-pintar-ao-lado-de-marina-silva-na-disputa-em-2018,Luciano Huck pode pintar ao lado de Marina Silva na disputa em 2018,"se o apresentador da Rede Globo, Luciano Huck, pudesse escolher...",,,1.5483870967741935
Operação Lava Jato para sempre,530928,2017-11-05 11:51:36 BRST,Link,102,250,35,2,3,61,2,88,0,,0,0,0,https://www.facebook.com/LavaJatoJuizMoro/posts/1365336216908380,A chapa do establishment.... http://ow.ly/S9We30gmwKz:=:https://www.papotv.com.br/posts/luciano-huck-pode-pintar-ao-lado-de-marina-silva-na-disputa-em-2018,http://ow.ly/S9We30gmwKz,https://www.papotv.com.br/posts/luciano-huck-pode-pintar-ao-lado-de-marina-silva-na-disputa-em-2018,Luciano Huck pode pintar ao lado de Marina Silva na disputa em 2018,"se o apresentador da Rede Globo, Luciano Huck, pudesse escolher...",,,1.1652360515021458
"General Mourão, um herói Nacional",68435,2017-11-05 11:51:36 BRST,Link,117,218,30,0,4,68,4,33,0,,0,0,0,https://www.facebook.com/263968194110699/posts/282073605633491,A chapa do establishment.... http://ow.ly/S9We30gmwKz:=:https://www.papotv.com.br/posts/luciano-huck-pode-pintar-ao-lado-de-marina-silva-na-disputa-em-2018,http://ow.ly/S9We30gmwKz,https://www.papotv.com.br/posts/luciano-huck-pode-pintar-ao-lado-de-marina-silva-na-disputa-em-2018,Luciano Huck pode pintar ao lado de Marina Silva na disputa em 2018,"se o apresentador da Rede Globo, Luciano Huck, pudesse escolher...",,,1.4952681388012619
Amauri Teixeira,78352,2017-11-05 11:12:11 BRST,Link,55,13,13,0,4,12,0,1,0,,0,0,0,https://www.facebook.com/AmauriTeixeira13/posts/1114095162054337,,http://www.diariodocentrodomundo.com.br/essencial/marina-posta-frase-confusa-no-twitter-e-vira-alvo-de-gozacao/,,Marina posta frase confusa no Twitter e vira alvo de gozação,"Com o aparente objetivo de atacar os políticos, a presidenciável Marina Silva postou a seguinte frase no Twitter: “Chega de políticas de curto prazo para alongar o prazo dos políticos. Precis…",,,1.2727272727272727
Radar,207882,2017-11-05 11:00:00 BRST,Photo,171,303,71,8,10,294,11,161,0,,0,0,0,https://www.facebook.com/RadarVEJA/posts/1304098109694927,Luciano Huck sonha com Marina Silva para ser sua vice - https://wp.me/p7qnr3-9EDF,https://www.facebook.com/RadarVEJA/photos/a.125655690872514.19505.125393630898720/1304097999694938/?type=3,,,,,,10.608247422680412
MBM - Movimento Brasil Melhor,139225,2017-11-05 10:03:02 BRST,Link,29,68,3,7,3,7,0,7,0,,0,0,0,https://www.facebook.com/movimentbrasilmelhor/posts/1405622709561064,,http://midiabahia.com.br/cotidiano/2017/11/04/marina-silva-conversa-com-psb-para-reeditar-alianca-de-2014/,,Marina Silva conversa com PSB para reeditar aliança de 2014,"Ainda não declarada candidata à Presidência da República, Marina Silva, da Rede, conversou com a cúpula do PSB ao longo da semana com o objetivo de reedita",,,1.6533333333333333
O Antagonista,785881,2017-11-05 09:30:01 BRST,Link,627,319,66,2,34,100,58,134,0,,0,0,0,https://www.facebook.com/oantagonista/posts/804479949742915,Meu nome é...,https://www.oantagonista.com/brasil/bolsonaro-e-marina-poderao-ter-menos-tempo-de-tv-que-eneas/,,Bolsonaro e Marina poderão ter menos tempo de TV que Enéas - O Antagonista,"Projeção da Folha para o tempo de TV a ser distribuído entre os candidatos em 2018 mostra Marina Silva com 12,8 segundos e Jair Bolsonaro com 10 segundos em cada bloco – um à tarde e outro à noite, nas terças, quintas e sábados dos 37 dias que antecedem a votação do 1º turno, em 7 de outubro. Na cam...",,,-1.0007462686567163
Radarmaringa Frases Viral,919490,2017-11-05 09:00:00 BRST,Native Video,436,0,1,0,0,2,0,0,0,original,709,715,0,https://www.facebook.com/Radarmaringa2/posts/1860548303972824,"E você, votaria para quem se as eleições presidenciais fossem hoje ? Marina silva ou nosso querido Charizard ? Assista ao vídeo completo - https://goo.gl/tGopUc:=:https://www.youtube.com/watch?v=d_yPCwrCEKA&t=3s",https://www.facebook.com/Radarmaringa2/videos/1860548303972824/,,Entrevista Política - Pegadinha,,,,-1.2004555808656037
Brasil 247,890446,2017-11-05 08:15:00 BRST,Link,642,240,203,50,4,156,1,6,0,,0,0,0,https://www.facebook.com/Brasil247/posts/1797862873600045,Tempo semelhante ao que tinham Enéas,https://www.brasil247.com/pt/247/brasil/325786/Marina-e-Bolsonaro-ser%C3%A3o-nanicos-nas-elei%C3%A7%C3%B5es-de-2018.htm,,Marina e Bolsonaro serão nanicos nas eleições de 2018,"Disputando o segundo lugar nas pesquisas para o Planalto em 2018, Marina Silva (Rede) e Jair Bolsonaro (PSC) –que negocia ingresso no PEN– poderão ser nanicos em tempo de tevê; em 1989, projeção indica Marina com 12,8 segundos e Bolsonaro com 10 segundos em cada bloco –um à tarde e outro à noite, na...",,,1.9062957540263543
Tribuna do Agreste,49287,2017-11-05 07:22:20 BRST,Link,0,0,0,0,0,0,0,0,0,,0,0,0,https://www.facebook.com/tribunaagreste/posts/1246859988752425,Tribuna do Agreste - Marina e Bolsonaro serão nanicos nas eleições de 2018 como foi Enéias,http://www.tribunadoagreste.com.br/blog/marina-e-bolsonaro-serao-nanicos-nas-eleicoes-de-2018-como-foi-eneias/,,Tribuna do Agreste - O portal de Arapiraca e região,"Disputando o segundo lugar nas pesquisas para o Planalto em 2018, Marina Silva (Rede) e Jair Bolsonaro (PSC) –que negocia ingresso no PEN– poderão ser nanicos em tempo de tevê. Dificilmente os partidos de Marina e Bolsonaro conseguirão aliados de peso para apoiar suas respectivas candidaturas no pri...",,,-10.0
TV Poeira,110278,2017-11-04 21:46:22 BRST,Link,85,12,27,0,0,1,6,30,0,,0,0,0,https://www.facebook.com/tvpoeira/posts/1601471546562318,O direito ao ódio! #ÓdioMata,http://www.diariodocentrodomundo.com.br/tolerando-a-intolerancia-carmen-lucia-e-uma-versao-piorada-de-marina-silva-por-kiko-nogueira/,,Tolerando a intolerância: Cármen Lúcia é uma versão piorada de Marina Silva. Por Kiko Nogueira,"Cármen Lúcia é uma emanação de Marina Silva. Onde ela precisa ter pulso, não tem. Sua intervenção tímida, maternal, no barraco entre Barroso e Gilmar foi vergonhosa. O deboche com Dilma, quando a p…",,,-2.360248447204969
Amauri Teixeira,78342,2017-11-04 20:48:13 BRST,Link,64,5,16,0,3,0,4,7,0,,0,0,0,https://www.facebook.com/AmauriTeixeira13/posts/1113749535422233,Pode?,http://www.diariodocentrodomundo.com.br/tolerando-a-intolerancia-carmen-lucia-e-uma-versao-piorada-de-marina-silva-por-kiko-nogueira/,,Tolerando a intolerância: Cármen Lúcia é uma versão piorada de Marina Silva. Por Kiko Nogueira,"Cármen Lúcia é uma emanação de Marina Silva. Onde ela precisa ter pulso, não tem. Sua intervenção tímida, maternal, no barraco entre Barroso e Gilmar foi vergonhosa. O deboche com Dilma, quando a p…",,,1.2857142857142858
Diário do Centro do Mundo,302959,2017-11-04 19:56:16 BRST,Link,591,98,314,2,6,18,56,242,0,,0,0,0,https://www.facebook.com/diariodocentrodomundo/posts/1998605633685913,"Na decisão acaciana liberando o fascismo no Enem e atendendo a Escola Sem Partido, Cármen lembra que “não se combate a intolerância social com maior intolerância estatal”.",http://www.diariodocentrodomundo.com.br/tolerando-a-intolerancia-carmen-lucia-e-uma-versao-piorada-de-marina-silva-por-kiko-nogueira/,,Tolerando a intolerância: Cármen Lúcia é uma versão piorada de Marina Silva. Por Kiko Nogueira,"Cármen Lúcia é uma emanação de Marina Silva. Onde ela precisa ter pulso, não tem. Sua intervenção tímida, maternal, no barraco entre Barroso e Gilmar foi vergonhosa. O deboche com Dilma, quando a p…",,,2.175409836065574
Jornal Do PAÍS,12441,2017-11-04 19:55:57 BRST,Link,10,4,3,0,0,0,0,0,0,,0,0,0,https://www.facebook.com/jornaldopaisoficial/posts/789634994567446,,https://www.jornaldopais.com.br/forca-e-o-crescimento-eleitoral-de-jair-bolsonaro/,,A FORÇA E O CRESCIMENTO ELEITORAL DE JAIR BOLSONARO - Jornal do Pais,"Entenda por que o Deputado Jair Bolsonaro é um candidato muito mais forte do que as pesquisas fazem parecer e saiba o que esperar de sua candidatura. Jair Bolsonaro? Lula? Ciro Gomes? João Dória? Geraldo Alckmin? Luciano Huck? Marina Silva? Daqui a exatamente um ano, em novembro de 2018, saberemos q...",,,-1.9411764705882353
Juiz de Fora da Depressão,215971,2017-11-04 17:22:37 BRST,Status,280,1241,19,3,4,21,11,6,0,,0,0,0,https://www.facebook.com/JFDepressao/posts/1373049656139752,"#RT Enviado por Vanderlei SE A ELEIÇÃO FOSSE HOJE, EM QUEM VOCÊ VOTARIA PARA PRESIDENTE DO BRASIL ? 1 - Aécio Neves 2 - Álvaro Dias 3 - Ciro Gomes 4 - Cristovam Buarque 5 - Eymael PSDC 6 - Geraldo Alckmin 7 - Jair Bolsonaro 8 - João Dória 9 - Lula 10 - Marina Silva 11 - Michel Temer 12 - Rodrigo Maia 13 - Zé Maria PSTU 14 - Em nenhum deles (se desejar, cite em seu comentário qual seria o seu candidato) 15 - Vou votar em branco 16 - Vou anular meu voto 17 - Não pretendo ir votar",,,,,,,7.44131455399061
Servos de Deus,272003,2017-11-04 15:45:44 BRST,Link,2,11,0,0,0,0,0,0,0,,0,0,0,https://www.facebook.com/servosdedeusoficial/posts/799552776918759,Meu voto e marina e o seu ? Deixa sua opinião nos comentários !!,http://www.mundogospel.info/2017/11/03/segundo-a-pesquisa-do-datafolha-informa-que-evangelicos-estao-divididos-entre-votar-em-lula-marina-silva-ou-jair-bolsonaro/,,Mundo Gospel,Em quem vc vai votar nesta eleições ??,,,-2.5384615384615383
Evangelho Puro e Simples,178675,2017-11-04 15:45:33 BRST,Link,64,121,0,0,1,7,0,5,0,,0,0,0,https://www.facebook.com/puroesimples17/posts/868712369967142,Meu voto e marina e o seu ? Deixa sua opinião nos comentários !!,http://www.mundogospel.info/2017/11/03/segundo-a-pesquisa-do-datafolha-informa-que-evangelicos-estao-divididos-entre-votar-em-lula-marina-silva-ou-jair-bolsonaro/,,Mundo Gospel,Em quem vc vai votar nesta eleições ??,,,2.0412371134020617
"Deus, Eu e Você ღ",504875,2017-11-04 15:45:09 BRST,Link,29,41,0,0,0,2,1,0,0,,0,0,0,https://www.facebook.com/DeusEueVoceS/posts/1232613993549577,Meu voto e marina e o seu ? Deixa sua opinião nos comentários !!,http://www.mundogospel.info/2017/11/03/segundo-a-pesquisa-do-datafolha-informa-que-evangelicos-estao-divididos-entre-votar-em-lula-marina-silva-ou-jair-bolsonaro/,,Mundo Gospel,Em quem vc vai votar nesta eleições ??,,,1.46
Pr Claudio Duarte,473221,2017-11-04 15:44:46 BRST,Link,35,71,0,0,0,0,0,6,0,,0,0,0,https://www.facebook.com/PrClaudioDuarteLive/posts/225227258014487,Meu voto e marina e o seu ? Deixa sua opinião nos comentários !!,http://www.mundogospel.info/2017/11/03/segundo-a-pesquisa-do-datafolha-informa-que-evangelicos-estao-divididos-entre-votar-em-lula-marina-silva-ou-jair-bolsonaro/,,Mundo Gospel,Em quem vc vai votar nesta eleições ??,,,1.2727272727272727
Ciumentas do Brasil,710023,2017-11-04 15:44:22 BRST,Link,10,35,0,0,0,0,0,5,0,,0,0,0,https://www.facebook.com/ciumentasdobrasil/posts/1936976833230979,Meu voto e marina e o seu ? Deixa sua opinião nos comentários !!,http://www.mundogospel.info/2017/11/03/segundo-a-pesquisa-do-datafolha-informa-que-evangelicos-estao-divididos-entre-votar-em-lula-marina-silva-ou-jair-bolsonaro/,,Mundo Gospel,Em quem vc vai votar nesta eleições ??,,,-1.84
Mundo Gospel,976686,2017-11-04 15:40:22 BRST,Link,86,68,85,0,0,3,0,1,0,,0,0,0,https://www.facebook.com/MundoGospelSite/posts/999966750145794,Em quem vc vai votar nesta eleições ??,http://www.mundogospel.info/2017/11/03/segundo-a-pesquisa-do-datafolha-informa-que-evangelicos-estao-divididos-entre-votar-em-lula-marina-silva-ou-jair-bolsonaro/,,"Segundo a pesquisa do Datafolha, informa que evangélicos estão divididos entre votar em Lula, Marina Silva ou Jair Bolsonaro | Mundo Gospel","Início MUNDO GOSPEL Segundo a pesquisa do Datafolha, informa que evangélicos estão divididos entre votar em Lula, Marina Silva ou Jair Bolsonaro MUNDO GOSPELSegundo a pesquisa do Datafolha, informa que evangélicos estão divididos entre votar em Lula, Marina Silva ou Jair Bolsonaro novembro 3, 2017 9...",,,-1.131687242798354
LeiaJáOnline,321872,2017-11-04 13:42:00 BRST,Link,17,9,1,0,0,13,0,3,0,,0,0,0,https://www.facebook.com/LeiaJaOnline/posts/1930130863678800,Confira o vídeo!,http://www.leiaja.com/politica/2017/11/04/marina-silva-nega-sumico-continuo-fazendo-meu-trabalho/,,Marina Silva nega sumiço: 'continuo fazendo meu trabalho',"A ex-senadora ponderou não exercer mandato parlamentar ou função pública e, por isso, precisa trabalhar para sobreviver",,,-1.7906976744186047
Bahia Notícias,967699,2017-11-04 13:30:00 BRST,Link,131,92,8,2,2,24,1,25,0,,0,0,0,https://www.facebook.com/bahianoticias/posts/1622658181110517,Ela sinalizou que tentará refazer a aliança elaborada na corrida presidencial de 2014. https://goo.gl/94sbXR:=:http://www.bahianoticias.com.br/noticia/214315-marina-conversa-com-psb-para-discutir-formacao-de-terceira-via-para-2018.html?f,http://www.bahianoticias.com.br/noticia/214315-marina-conversa-com-psb-para-discutir-formacao-de-terceira-via-para-2018.html?f,,Marina conversa com PSB para discutir formação de terceira via para 2018,A ex-senadora Marina Silva se reuniu com a cúpula do PSB na última semana e discutiu a criação de uma terceira via para 2018. Segundo informações da coluna Pa,,,1.0288808664259927
Humor News,958907,2017-11-04 13:02:41 BRST,Link,9,0,1,0,0,5,0,1,0,,0,0,0,https://www.facebook.com/HumorNewsOficial/posts/1993390944208804,"Parece ter usado santo daime, disse um dos comentários ... http://ow.ly/flht30glW4N:=:https://www.papotv.com.br/posts/marina-silva-faz-publicacao-em-dilmes-e-internet-vai-a-loucura",http://ow.ly/flht30glW4N,https://www.papotv.com.br/posts/marina-silva-faz-publicacao-em-dilmes-e-internet-vai-a-loucura,Marina Silva faz publicação em 'dilmês' e internet vai a loucura,A presidenciável Marina Silva postou uma frase em 'dilmês' no Twitter....,,,-3.875
Clube Dos Caminhões,234849,2017-11-04 13:02:41 BRST,Link,6,1,1,0,0,1,0,0,0,,0,0,0,https://www.facebook.com/caminhoesQualificados01/posts/1607920689229167,"Parece ter usado santo daime, disse um dos comentários ... http://ow.ly/flht30glW4N:=:https://www.papotv.com.br/posts/marina-silva-faz-publicacao-em-dilmes-e-internet-vai-a-loucura",http://ow.ly/flht30glW4N,https://www.papotv.com.br/posts/marina-silva-faz-publicacao-em-dilmes-e-internet-vai-a-loucura,Marina Silva faz publicação em 'dilmês' e internet vai a loucura,A presidenciável Marina Silva postou uma frase em 'dilmês' no Twitter....,,,-4.0
Incrivelmente,1141652,2017-11-04 13:02:41 BRST,Link,25,16,1,0,2,25,0,1,0,,0,0,0,https://www.facebook.com/OficialIncrivelmente/posts/725313361005068,"Parece ter usado santo daime, disse um dos comentários ... http://ow.ly/flht30glW4N:=:https://www.papotv.com.br/posts/marina-silva-faz-publicacao-em-dilmes-e-internet-vai-a-loucura",http://ow.ly/flht30glW4N,https://www.papotv.com.br/posts/marina-silva-faz-publicacao-em-dilmes-e-internet-vai-a-loucura,Marina Silva faz publicação em 'dilmês' e internet vai a loucura,A presidenciável Marina Silva postou uma frase em 'dilmês' no Twitter....,,,-1.6571428571428573
JUIZ Sergio MORO,40651,2017-11-04 13:02:41 BRST,Link,3,1,0,0,0,3,0,0,0,,0,0,0,https://www.facebook.com/JUIZSergioMOROCuritiba/posts/1646032475448679,"Parece ter usado santo daime, disse um dos comentários ... http://ow.ly/flht30glW4N:=:https://www.papotv.com.br/posts/marina-silva-faz-publicacao-em-dilmes-e-internet-vai-a-loucura",http://ow.ly/flht30glW4N,https://www.papotv.com.br/posts/marina-silva-faz-publicacao-em-dilmes-e-internet-vai-a-loucura,Marina Silva faz publicação em 'dilmês' e internet vai a loucura,A presidenciável Marina Silva postou uma frase em 'dilmês' no Twitter....,,,-3.7142857142857144
CR7,270348,2017-11-04 13:02:41 BRST,Link,0,0,0,0,0,0,0,0,0,,0,0,0,https://www.facebook.com/newspapo/posts/1627125284016584,"Parece ter usado santo daime, disse um dos comentários ... http://ow.ly/flht30glW4N:=:https://www.papotv.com.br/posts/marina-silva-faz-publicacao-em-dilmes-e-internet-vai-a-loucura",http://ow.ly/flht30glW4N,https://www.papotv.com.br/posts/marina-silva-faz-publicacao-em-dilmes-e-internet-vai-a-loucura,Marina Silva faz publicação em 'dilmês' e internet vai a loucura,A presidenciável Marina Silva postou uma frase em 'dilmês' no Twitter....,,,-16.0
Presidente Jair Bolsonaro,148457,2017-11-04 13:02:41 BRST,Link,4,1,0,0,0,2,0,0,0,,0,0,0,https://www.facebook.com/PresidenteJB/posts/1939344403054122,"Parece ter usado santo daime, disse um dos comentários ... http://ow.ly/flht30glW4N:=:https://www.papotv.com.br/posts/marina-silva-faz-publicacao-em-dilmes-e-internet-vai-a-loucura",http://ow.ly/flht30glW4N,https://www.papotv.com.br/posts/marina-silva-faz-publicacao-em-dilmes-e-internet-vai-a-loucura,Marina Silva faz publicação em 'dilmês' e internet vai a loucura,A presidenciável Marina Silva postou uma frase em 'dilmês' no Twitter....,,,-4.285714285714286
Apoiamos o juiz Sérgio Moro,158301,2017-11-04 13:02:28 BRST,Link,1,0,0,0,0,2,0,2,0,,0,0,0,https://www.facebook.com/SergioMorodoBrasil/posts/2022088878024163,"Parece ter usado santo daime, disse um dos comentários ... http://ow.ly/flht30glW4N:=:https://www.papotv.com.br/posts/marina-silva-faz-publicacao-em-dilmes-e-internet-vai-a-loucura",http://ow.ly/flht30glW4N,https://www.papotv.com.br/posts/marina-silva-faz-publicacao-em-dilmes-e-internet-vai-a-loucura,Marina Silva faz publicação em 'dilmês' e internet vai a loucura,A presidenciável Marina Silva postou uma frase em 'dilmês' no Twitter....,,,-4.6
"General Mourão, um herói Nacional",67284,2017-11-04 13:02:28 BRST,Link,131,41,11,1,4,31,2,4,0,,0,0,0,https://www.facebook.com/263968194110699/posts/281712372336281,"Parece ter usado santo daime, disse um dos comentários ... http://ow.ly/flht30glW4N:=:https://www.papotv.com.br/posts/marina-silva-faz-publicacao-em-dilmes-e-internet-vai-a-loucura",http://ow.ly/flht30glW4N,https://www.papotv.com.br/posts/marina-silva-faz-publicacao-em-dilmes-e-internet-vai-a-loucura,Marina Silva faz publicação em 'dilmês' e internet vai a loucura,A presidenciável Marina Silva postou uma frase em 'dilmês' no Twitter....,,,-1.4088888888888889
Presidente Jair Bolsonaro,N/A,2017-11-04 13:02:28 BRST,Link,12,2,4,0,1,10,1,2,0,,0,0,0,https://www.facebook.com/PresidenteJBolsonaro/posts/2007923326152439,"Parece ter usado santo daime, disse um dos comentários ... http://ow.ly/flht30glW4N:=:https://www.papotv.com.br/posts/marina-silva-faz-publicacao-em-dilmes-e-internet-vai-a-loucura",http://ow.ly/flht30glW4N,https://www.papotv.com.br/posts/marina-silva-faz-publicacao-em-dilmes-e-internet-vai-a-loucura,Marina Silva faz publicação em 'dilmês' e internet vai a loucura,A presidenciável Marina Silva postou uma frase em 'dilmês' no Twitter....,,,0.0
Papo TV,149527,2017-11-04 13:02:28 BRST,Link,44,21,8,0,0,30,0,5,0,,0,0,0,https://www.facebook.com/PapoTVBrasil/posts/691409504396195,"Parece ter usado santo daime, disse um dos comentários ... http://ow.ly/flht30glW4N:=:https://www.papotv.com.br/posts/marina-silva-faz-publicacao-em-dilmes-e-internet-vai-a-loucura",http://ow.ly/flht30glW4N,https://www.papotv.com.br/posts/marina-silva-faz-publicacao-em-dilmes-e-internet-vai-a-loucura,Marina Silva faz publicação em 'dilmês' e internet vai a loucura,A presidenciável Marina Silva postou uma frase em 'dilmês' no Twitter....,,,-2.0185185185185186
"Juiz Sérgio Moro, um herói Nacional",1046929,2017-11-04 13:02:28 BRST,Link,230,73,37,1,5,110,2,28,0,,0,0,0,https://www.facebook.com/SergioMoroHeroiNacional/posts/1460572077397400,"Parece ter usado santo daime, disse um dos comentários ... http://ow.ly/flht30glW4N:=:https://www.papotv.com.br/posts/marina-silva-faz-publicacao-em-dilmes-e-internet-vai-a-loucura",http://ow.ly/flht30glW4N,https://www.papotv.com.br/posts/marina-silva-faz-publicacao-em-dilmes-e-internet-vai-a-loucura,Marina Silva faz publicação em 'dilmês' e internet vai a loucura,A presidenciável Marina Silva postou uma frase em 'dilmês' no Twitter....,,,-1.2098765432098766
O Patriotizador,329720,2017-11-04 13:02:28 BRST,Link,82,16,10,0,1,28,1,2,0,,0,0,0,https://www.facebook.com/OPatriotizador/posts/1925152061056441,"Parece ter usado santo daime, disse um dos comentários ... http://ow.ly/flht30glW4N:=:https://www.papotv.com.br/posts/marina-silva-faz-publicacao-em-dilmes-e-internet-vai-a-loucura",http://ow.ly/flht30glW4N,https://www.papotv.com.br/posts/marina-silva-faz-publicacao-em-dilmes-e-internet-vai-a-loucura,Marina Silva faz publicação em 'dilmês' e internet vai a loucura,A presidenciável Marina Silva postou uma frase em 'dilmês' no Twitter....,,,-1.5571428571428572
Operação Lava Jato para sempre,530719,2017-11-04 13:02:28 BRST,Link,146,54,22,0,6,76,0,22,0,,0,0,0,https://www.facebook.com/LavaJatoJuizMoro/posts/1364559573652711,"Parece ter usado santo daime, disse um dos comentários ... http://ow.ly/flht30glW4N:=:https://www.papotv.com.br/posts/marina-silva-faz-publicacao-em-dilmes-e-internet-vai-a-loucura",http://ow.ly/flht30glW4N,https://www.papotv.com.br/posts/marina-silva-faz-publicacao-em-dilmes-e-internet-vai-a-loucura,Marina Silva faz publicação em 'dilmês' e internet vai a loucura,A presidenciável Marina Silva postou uma frase em 'dilmês' no Twitter....,,,-1.4938650306748467
Intervenção Militar Brasil,154890,2017-11-04 13:02:28 BRST,Link,31,2,10,0,0,18,0,5,0,,0,0,0,https://www.facebook.com/intervencaomilitarFFAA/posts/1962605037311112,"Parece ter usado santo daime, disse um dos comentários ... http://ow.ly/flht30glW4N:=:https://www.papotv.com.br/posts/marina-silva-faz-publicacao-em-dilmes-e-internet-vai-a-loucura",http://ow.ly/flht30glW4N,https://www.papotv.com.br/posts/marina-silva-faz-publicacao-em-dilmes-e-internet-vai-a-loucura,Marina Silva faz publicação em 'dilmês' e internet vai a loucura,A presidenciável Marina Silva postou uma frase em 'dilmês' no Twitter....,,,-2.621212121212121
Folha do Sertão,37624,2017-11-04 13:00:45 BRST,Link,0,0,0,0,0,0,0,0,0,,0,0,0,https://www.facebook.com/reporterdaparaiba/posts/1509125192503363,Marina Silva conversa com PSB para reeditar aliança de 2014..... http://www.reporterpb.com.br/noticia/politica/2017/11/04/marina-silva-conversa-com-psb-para-reeditar-alian%C3%A7a-de-2014/68967.html,http://www.reporterpb.com.br/noticia/politica/2017/11/04/marina-silva-conversa-com-psb-para-reeditar-alian%C3%A7a-de-2014/68967.html,,Confira este link, ,,,-38.0
MBM - Movimento Brasil Melhor,139203,2017-11-04 11:21:31 BRST,Native Video,89,110,14,22,2,28,0,7,0,original,4240,4471,0,https://www.facebook.com/movimentbrasilmelhor/posts/1404798416310160,"Aos que me acusam Marina Silva de estar 'sumida', só temos que dizer que ela continua fazendo o seu trabalho como sempre fez, não tem mandato parlamentar ou função pública, é uma professora que sobrevive do trabalho que faz. Sempre se posicionou sobre os principais assuntos do país. Aprendeu a duras penas que a liberdade é o exercício de fala livre e autônoma, talvez por não falar de nenhum dos lados da polarização tentam silenciar o posicionamento de Marina.",https://www.facebook.com/movimentbrasilmelhor/videos/1404798416310160/,,,,,,1.6287425149700598
Portal O Dia,143809,2017-11-04 11:08:13 BRST,Photo,1,0,1,0,0,0,0,0,0,,0,0,0,https://www.facebook.com/portalodia/posts/1517801738302206,Rede de Marina Silva parece furada e precisa driblar nova crise interna,https://www.facebook.com/portalodia/photos/a.217644281651298.52141.148485778567149/1517801651635548/?type=3,,,,,,-33.5
Diário do Centro do Mundo,302959,2017-11-04 10:27:37 BRST,Link,282,76,77,0,23,173,1,9,0,,0,0,0,https://www.facebook.com/diariodocentrodomundo/posts/1998410080372135,Marinês.,http://www.diariodocentrodomundo.com.br/essencial/marina-posta-frase-confusa-no-twitter-e-vira-alvo-de-gozacao/,,Marina posta frase confusa no Twitter e vira alvo de gozação,"Com o aparente objetivo de atacar os políticos, a presidenciável Marina Silva postou a seguinte frase no Twitter: “Chega de políticas de curto prazo para alongar o prazo dos políticos. Precis…",,,1.0508196721311476
Notícias ao Minuto Brasil,103875,2017-11-04 08:30:27 BRST,Link,3,0,0,0,0,1,0,0,0,,0,0,0,https://www.facebook.com/NoticiasAoMinutoBrasil/posts/825818970922725,"Ela teria saído satisfeita da reunião, que teve a presença de nomes como o governador de Pernambuco, Paulo Câmara, e do ex-governador do Espírito Santo Renato Casagrande",https://www.noticiasaominuto.com.br/n/471301/?&utm_medium=social&utm_source=facebook.com&utm_campaign=buffer&utm_content=geral,,Marina Silva conversa com PSB para reeditar aliança de 2014, ,,,-13.75
Folha do Sertão,37624,2017-11-04 07:56:03 BRST,Link,0,0,0,0,0,0,0,0,0,,0,0,0,https://www.facebook.com/reporterdaparaiba/posts/1508938122522070,Marina Silva conversa com PSB para reeditar aliança de 2014... http://www.reporterpb.com.br/noticia/politica/2017/11/04/marina-silva-conversa-com-psb-para-reeditar-alian%C3%A7a-de-2014/68967.html,http://www.reporterpb.com.br/noticia/politica/2017/11/04/marina-silva-conversa-com-psb-para-reeditar-alian%C3%A7a-de-2014/68967.html,,Confira este link, ,,,-38.0
Diário do Centro do Mundo,302959,2017-11-04 07:49:13 BRST,Link,50,24,19,0,1,32,0,18,0,,0,0,0,https://www.facebook.com/diariodocentrodomundo/posts/1998350407044769,De novo essa conversa de terceira via...,http://www.diariodocentrodomundo.com.br/essencial/marina-sonha-com-o-apoio-do-psb/,,Marina sonha com o apoio do PSB,A coluna Painel informa que Marina Silva se reuniu com a cúpula do PSB para articular uma chapa única de “terceira via” para as eleições presidenciais do ano que vem. Diz que saiu anima…,,,-4.243055555555555
O Antagonista,785584,2017-11-04 07:48:39 BRST,Link,261,27,12,0,4,53,1,54,0,,0,0,0,https://www.facebook.com/oantagonista/posts/803970729793837,De novo.,https://www.oantagonista.com/brasil/eterna-terceira-via-de-marina/,,"A eterna ""terceira via"" de Marina - O Antagonista","Em 2014, Marina Silva pregou uma ""terceira via"" fora da polarização PT-PSDB. Para 2018, em encontro com a cúpula do PSB, ela voltou a pregar uma terceira via, defendida pelo...",,,-3.2718446601941746
Caneta Desesquerdizadora,566357,2017-11-03 23:26:27 BRST,Photo,2090,246,358,33,8,1938,0,3,0,,0,0,0,https://www.facebook.com/CanetaDesesquerdizadora/posts/496753007375308,"Depois desta frase da Marina Silva, a Caneta Desesquerdizadora tem a leve impressão que sabe o motivo dos sumiços da menina do Acre...",https://www.facebook.com/CanetaDesesquerdizadora/photos/a.260350511015560.1073741828.260346504349294/496752890708653/?type=3,,,,,,-1.0637296834901626
REDE Sustentabilidade,139309,2017-11-03 19:20:19 BRST,Native Video,1636,197,1,217,46,42,1,12,0,share,7105,103751,0,https://www.facebook.com/RedeSustentabilidade18/posts/1594640563907622,"""Por não falar de nenhum dos lados da polarização, tentam silenciar o meu posicionamento""",https://www.facebook.com/marinasilva.oficial/videos/1749915511686738/,,Marina Silva,"Aos que me acusam de estar 'sumida', só tenho a dizer que continuo fazendo o meu trabalho como sempre fiz, não tenho mandato parlamentar ou função pública, sou uma professora que sobrevive do trabalho que faz. Sempre me posicionei sobre os principais assuntos do país. Aprendi a duras penas que a liberdade é o exercício de fala livre e autônoma, talvez por não falar de nenhum dos lados da polarização tentem silenciar meu posicionamento.",,,2.5258215962441315
O Antagonista,785317,2017-11-03 17:38:11 BRST,Link,983,801,431,10,156,1452,2,46,0,,0,0,0,https://www.facebook.com/oantagonista/posts/803700409820869,Um doce para o leitor de O Antagonista que conseguir entender o que Marina Silva quis dizer.,https://www.oantagonista.com/brasil/marina-silva-dilmando/,,Marina Silva dilmando,,,,2.847395451210565
Voto Consciente São Paulo,3669,2017-11-03 16:32:46 BRST,Link,126,5,2,1,0,0,0,2,0,,0,0,0,https://www.facebook.com/VotoConscienteSaoPaulo/posts/1706520382701348,"Entre hormônios e política, o que importa mais para ter mulheres na política? Marina Merlo, no Legis-Ativo de hoje, traz reflexão acerca da declaração de Ciro Gomes, pré-candidato pelo PDT, sobre Marina Silva (REDE):“Não vejo ela com energia, e o momento é muito de testosterona. Não elogio isso. É mau para o Brasil, mas é um momento muito agressivo e ela tem uma psicologia avessa a isso. Não sei, eu tô achando que ela não é candidata.” Ela analisa como as questões de gênero e de menor representatividade de mulheres influenciam na política e traz propostas legislativas que buscam maior paridade entre os/as parlamentares. ""Não se faz política por instinto, biologia e agressividade, mas com discussão e valores democráticos"", critica. Confira na íntegra! #Mulheres #Política #Eleições #Cotas #ParidadedeGênero #Gênero",http://politica.estadao.com.br/blogs/legis-ativo/entre-hormonios-e-politica-o-que-importa-mais-para-ter-mulheres-na-politica/,,"Entre hormônios e política, o que importa mais para ter mulheres na política?","Na última semana, o noticiário sobre os potenciais candidatos à corrida presidencial de 2018 foi tomada por uma declaração",,,5.666666666666667
Dunamis Movement,272890,2017-11-03 15:41:00 BRST,Photo,476,28,33,72,14,0,1,1,0,,0,0,0,https://www.facebook.com/thedunamismovement/posts/1722642187747441,"Você sabia que apenas 5% dos cristãos foram chamados para atuar na esfera da igreja? Afinal, o que acontece com os outros 95%?⠀ ⠀ No 1º Painel da #ConferenciaDunamis2017, temos o privilégio de ouvir Rômulo Dias, Marina Silva e Téo Hayashi, falando sobre a importância de entendermos que o Reino de Deus não se limita as 4 paredes paredes da igreja, mas atinge as 7 esferas da sociedade (igreja, família, educação, artes e entretenimento, econômia e negócios, mídia e política).⠀ ⠀ #DunamisMovement #DunamisConference2017 #BeKingdom @ Espaço das Américas",https://www.facebook.com/thedunamismovement/photos/a.438437552834584.108814.417181798293493/1722641884414138/?type=3,,Photos from Dunamis Movement's post,,,,1.5318627450980393
Márlon Reis - Advogado e Palestrante,13458,2017-11-03 15:30:45 BRST,Photo,67,6,3,5,1,0,0,0,0,,0,0,0,https://www.facebook.com/marlonreisadv/posts/1999091583476790,"Folha de São Paulo fala sobre o lançamento da minha pré-candidatura ao governo do Tocantins, com a presença confirmada de Marina Silva.",https://www.facebook.com/marlonreisadv/photos/a.429609363758361.122105.404021629650468/1999091550143460/?type=3,,,,,,1.0649350649350648
Curta Mais,432479,2017-11-02 21:11:03 BRST,Link,18,12,1,0,1,17,1,2,0,,0,0,0,https://www.facebook.com/guiacurtamais/posts/1992664580745481,,http://www.curtamais.com.br/goiania/luciano-huck-tem-40-de-potencial-de-voto-para-as-eleicoes-de-2018-segundo-pesquisa,,"Luciano Huck tem 40% de potencial de voto para as eleições de 2018, segundo pesquisa","O estudo também levantou dados para Jair Bolsonaro, Marina Silva e Henrique Meirelles",,,-4.134615384615385
Contra o Golpe Fascista II,306735,2017-11-01 17:24:57 BRST,Photo,65,9,108,0,0,4,0,4,0,,0,0,0,https://www.facebook.com/ContraFascista/posts/1783603488599612,"Traidora de princípios éticos, antes fiel a suas origens representando os mais fracos, valeu-se do discurso que os focava. Ganhou projeção nacional como a primeira indicação do Lula para comandar um ministério, defendendo causas nobres. Em 2010 o apunhala-o pelas costas, saindo candidata por um partido de aluguel para provocar um segundo turno. Prestando com isso um serviço enorme ao que há de mais atrasado na política brasileira. Hoje atua como digna porta voz do que há de mais parasita no capitalismo selvagem. Esta é uma pequena síntese do que hoje representa a candidatura de Marina Silva. Como agora de acordo com as pesquisas, ela desponta com chances reais de ganhar as eleições, precisamos nos mobilizarmos para que isso não venha a ocorrer, colocando em risco aquilo que foi conquistado a duras penas pelos governos Lula e Dilma. A sanha golpista de uma imprensa venal, criou as condições para que isso ocorresse, colocando mais do que nunca em risco a própria Democracia. Via:...",https://www.facebook.com/ContraFascista/photos/a.1535722123387751.1073741828.1535718166721480/1783603351932959/?type=3,,,,,,-2.0736842105263156
